"currentRanking";"displayName";"thumbnailUrl";"userId";"userUrl";"tier";"points";"joined";"totalGoldMedals";"totalSilverMedals";"totalBronzeMedals";"orgs";"country"
1;"bestfitting";"https://storage.googleapis.com/kaggle-avatars/thumbnails/708283-kg.jpg";708283;"/bestfitting";"grandmaster";203370;"2016-09-07T16:39:04.817Z";11;4;0;NA;NA
2;"Giba";"https://storage.googleapis.com/kaggle-avatars/thumbnails/54836-kg.jpeg";54836;"/titericz";"grandmaster";161926;"2012-08-23T17:26:51.11Z";39;28;22;"Kaggle";NA
3;"ŒúŒ±œÅŒπŒøœÇ ŒúŒπœáŒ±Œ∑ŒªŒπŒ¥Œ∑œÇ KazAnova";"https://storage.googleapis.com/kaggle-avatars/thumbnails/111640-fb.jpg";111640;"/kazanova";"grandmaster";147807;"2013-06-24T19:35:02.9Z";29;28;25;"H2O ai";"Greece"
4;"raddar";"https://storage.googleapis.com/kaggle-avatars/thumbnails/405318-kg.jpg";405318;"/raddar";"grandmaster";134467;"2015-08-24T11:49:01.703Z";10;8;4;"oxipit.ai";"Lithuania"
5;"Eureka";"https://storage.googleapis.com/kaggle-avatars/thumbnails/170170-kg.jpeg";170170;"/pengyan";"grandmaster";127227;"2014-02-28T16:23:47.597Z";19;18;5;NA;"China"
6;"Komaki";"https://storage.googleapis.com/kaggle-avatars/thumbnails/69060-kg.jpg";69060;"/ckomaki";"master";121884;"2012-11-13T02:47:47.523Z";4;7;3;NA;"United States"
7;"weiwei";"https://storage.googleapis.com/kaggle-avatars/thumbnails/588067-fb.jpg";588067;"/shixw125";"grandmaster";117994;"2016-04-16T03:47:27.027Z";8;6;4;NA;"China"
8;"ZFTurbo";"https://storage.googleapis.com/kaggle-avatars/thumbnails/461723-fb.jpg";461723;"/zfturbo";"grandmaster";108542;"2015-11-08T08:25:50.383Z";9;16;8;"IPPM RAS";"Russia"
9;"Kohei";"https://storage.googleapis.com/kaggle-avatars/thumbnails/6388-kg.png";6388;"/confirm";"grandmaster";107500;"2011-02-16T10:14:36Z";14;29;18;"\(^-^)/";"Japan"
10;"Stanislav Semenov";"https://storage.googleapis.com/kaggle-avatars/thumbnails/149229-fb.jpg";149229;"/stasg7";"grandmaster";107007;"2013-12-13T08:10:20.96Z";28;9;0;NA;"Russia"
11;"idle_speculation";"https://storage.googleapis.com/kaggle-avatars/thumbnails/default-thumb.png";114032;"/speculation";"grandmaster";102662;"2013-07-13T19:24:20.74Z";8;8;7;NA;"United States"
12;"plantsgo";"https://storage.googleapis.com/kaggle-avatars/thumbnails/748899-kg.jpg";748899;"/plantsgo";"grandmaster";98934;"2016-10-12T03:07:13.557Z";5;1;1;"China";NA
13;"Little Boat";"https://storage.googleapis.com/kaggle-avatars/thumbnails/189197-fb.jpg";189197;"/xiaozhouwang";"grandmaster";98561;"2014-04-20T02:13:51Z";13;17;6;"OneModelAtATime";"Canada"
14;"alijs";"https://storage.googleapis.com/kaggle-avatars/thumbnails/default-thumb.png";666918;"/alijs1";"master";92060;"2016-07-20T18:49:51.157Z";3;10;7;"International IT company";"Latvia"
15;"Michael Jahrer";"https://storage.googleapis.com/kaggle-avatars/thumbnails/1455-fb.jpg";1455;"/mjahrer";"grandmaster";90153;"2010-06-25T21:54:51Z";14;11;2;NA;"Austria"
16;"Pavel Pleskov";"https://storage.googleapis.com/kaggle-avatars/thumbnails/355969-fb.jpg";355969;"/ppleskov";"grandmaster";87274;"2015-05-21T12:01:59.73Z";7;4;4;"AlgoTravelling.com";"Russia"
17;"Faron";"https://storage.googleapis.com/kaggle-avatars/thumbnails/210078-fb.jpg";210078;"/mmueller";"grandmaster";82411;"2014-06-23T12:54:35.657Z";15;5;3;"H2O.ai";NA
18;"Silogram";"https://storage.googleapis.com/kaggle-avatars/thumbnails/73703-fb.jpg";73703;"/psilogram";"grandmaster";82094;"2012-12-09T09:04:56.42Z";11;27;10;"Self-employed";"Switzerland"
19;"To Train Them Is My Cause";"https://storage.googleapis.com/kaggle-avatars/thumbnails/829300-kg.jpg";829300;"/rhgrossm";"master";78998;"2016-12-08T22:23:59.267Z";2;8;2;NA;"United States"
20;"utility";"https://storage.googleapis.com/kaggle-avatars/thumbnails/269623-fb.jpg";269623;"/utility";"grandmaster";77449;"2014-12-09T12:04:11.43Z";14;7;4;NA;"Russia"
21;"Shize Su";"https://storage.googleapis.com/kaggle-avatars/thumbnails/163663-kg.jpg";163663;"/sushize";"grandmaster";76124;"2014-02-06T20:13:15.337Z";15;18;6;NA;"United States"
22;"Mathurin Ach√©";"https://storage.googleapis.com/kaggle-avatars/thumbnails/18463-fb.jpg";18463;"/mathurinache";"master";75944;"2011-10-11T10:41:53.177Z";3;11;17;"Orange";"France"
23;"beluga";"https://storage.googleapis.com/kaggle-avatars/thumbnails/18102-fb.jpg";18102;"/gaborfodor";"grandmaster";72154;"2011-10-05T16:49:08.02Z";11;10;10;NA;"Hungary"
24;"Jiwei Liu";"https://storage.googleapis.com/kaggle-avatars/thumbnails/100236-gr.jpg";100236;"/jiweiliu";"grandmaster";70474;"2013-05-09T03:27:56.19Z";11;23;10;"University of Pittsburgh";"United States"
25;"Russ W";"https://storage.googleapis.com/kaggle-avatars/thumbnails/393246-kg.jpeg";393246;"/sasrdw";"grandmaster";70388;"2015-07-30T00:13:52.503Z";9;4;1;NA;"United States"
26;"Daniel FG";"https://storage.googleapis.com/kaggle-avatars/thumbnails/default-thumb.png";221419;"/danielfg";"grandmaster";69598;"2014-08-03T19:08:38.097Z";7;10;4;NA;NA
27;"Mike Kim";"https://storage.googleapis.com/kaggle-avatars/thumbnails/64626-fb.jpg";64626;"/mikeskim";"grandmaster";68512;"2012-10-22T19:04:42.297Z";7;33;25;"Stealth";"United States"
28;"Nima Shahbazi";"https://storage.googleapis.com/kaggle-avatars/thumbnails/338701-fb.jpg";338701;"/nimashahbazi";"grandmaster";68030;"2015-04-20T20:37:58.653Z";8;8;0;NA;"Canada"
29;"piupiu";"https://storage.googleapis.com/kaggle-avatars/thumbnails/565506-kg.jpg";565506;"/pureheart";"master";67484;"2016-03-23T09:21:37.59Z";4;2;1;NA;NA
30;"mchahhou";"https://storage.googleapis.com/kaggle-avatars/thumbnails/default-thumb.png";135296;"/mchahhou";"master";67467;"2013-10-19T22:37:51.46Z";4;6;2;"Faculty of Science Dhar Mahraz";"Maroc"
31;"outrunner";"https://storage.googleapis.com/kaggle-avatars/thumbnails/933653-kg.jpg";933653;"/outrunner";"master";66748;"2017-02-28T02:37:59.207Z";2;8;1;NA;"Taiwan"
32;"CPMP";"https://storage.googleapis.com/kaggle-avatars/thumbnails/75976-gr.jpg";75976;"/cpmpml";"master";66399;"2012-12-16T12:03:05.527Z";4;8;2;NA;"France"
33;"ash hafez";"https://storage.googleapis.com/kaggle-avatars/thumbnails/254602-fb.jpg";254602;"/ashhafez";"grandmaster";64161;"2014-11-04T15:38:14.937Z";10;17;6;"Tempus Labs";"United States"
34;"anokas";"https://storage.googleapis.com/kaggle-avatars/thumbnails/505747-fb.jpg";505747;"/anokas";"master";63659;"2016-01-16T21:02:01.33Z";5;7;5;NA;"United Kingdom"
35;"clustifier";"https://storage.googleapis.com/kaggle-avatars/thumbnails/default-thumb.png";68889;"/clustifier";"grandmaster";63202;"2012-11-11T23:05:57.843Z";7;31;19;NA;"Israel"
36;"Konstantin Lopuhin";"https://storage.googleapis.com/kaggle-avatars/thumbnails/19390-gr.jpg";19390;"/lopuhin";"master";62744;"2011-10-27T20:22:21.167Z";4;1;1;"Scrapinghub";"Russia"
37;"Kyle Y. Lee";"https://storage.googleapis.com/kaggle-avatars/thumbnails/default-thumb.png";495818;"/kylelee";"grandmaster";62744;"2015-12-30T14:30:03.743Z";5;7;3;NA;"Malaysia"
38;"sjv";"https://storage.googleapis.com/kaggle-avatars/thumbnails/default-thumb.png";476352;"/seanjv";"grandmaster";62708;"2015-11-28T18:07:12.047Z";6;2;0;"MIT";"United States"
39;"Chun Ming Lee";"https://storage.googleapis.com/kaggle-avatars/thumbnails/1029053-kg.png";1029053;"/leecming";"master";61786;"2017-04-18T06:56:54.35Z";2;2;0;NA;NA
40;"James Trotman";"https://storage.googleapis.com/kaggle-avatars/thumbnails/347463-kg.png";347463;"/jtrotman";"master";60501;"2015-05-05T16:00:57.387Z";1;22;8;NA;"United Kingdom"
41;"Fangzhou Liao";"https://storage.googleapis.com/kaggle-avatars/thumbnails/501283-kg.jpg";501283;"/liaofz";"master";60274;"2016-01-10T07:08:24.993Z";4;0;0;"Tsinghua University";"China"
42;"flowlight";"https://storage.googleapis.com/kaggle-avatars/thumbnails/default-thumb.png";145393;"/flowlight";"master";59304;"2013-11-29T18:53:46.987Z";2;2;1;NA;"Japan"
43;"Bojan Tunguz";"https://storage.googleapis.com/kaggle-avatars/thumbnails/417337-fb.jpg";417337;"/tunguz";"master";59282;"2015-09-11T21:32:16.517Z";2;9;14;"ZestFinance";"United States"
44;"Vladimir Iglovikov";"https://storage.googleapis.com/kaggle-avatars/thumbnails/286455-fb.jpg";286455;"/iglovikov";"grandmaster";59128;"2015-01-28T01:59:56.38Z";5;9;6;" Autonomous Vehicles(Lyft) ";"United States"
45;"Alexander Buslaev";"https://storage.googleapis.com/kaggle-avatars/thumbnails/210618-gp.jpg";210618;"/albuslaev";"master";58887;"2014-06-25T11:14:17.273Z";3;1;0;"mapbox";"Belarus"
46;"Evgeny Patekha";"https://storage.googleapis.com/kaggle-avatars/thumbnails/520839-kg.jpg";520839;"/johnpateha";"master";58180;"2016-02-04T09:56:56.293Z";4;4;0;NA;"Russia"
47;"sergey.kozub";"https://storage.googleapis.com/kaggle-avatars/thumbnails/default-thumb.png";74755;"/sergeykozub";"grandmaster";57141;"2012-12-12T07:05:13.947Z";6;2;0;"Datalytica";"Russia"
48;"Danijel Kivaranovic";"https://storage.googleapis.com/kaggle-avatars/thumbnails/default-thumb.png";177554;"/danijelk";"grandmaster";56526;"2014-03-22T10:12:39.42Z";5;4;1;NA;"Austria"
49;"bobutis";"https://storage.googleapis.com/kaggle-avatars/thumbnails/421386-fb.jpg";421386;"/bobutis";"grandmaster";55078;"2015-09-17T22:18:06.527Z";6;1;2;NA;"Lithuania"
50;"Dmytro Poplavskiy";"https://storage.googleapis.com/kaggle-avatars/thumbnails/743064-kg.jpg";743064;"/dmytropoplavskiy";"master";55058;"2016-10-07T11:53:20.113Z";5;0;0;"Topcon Positioning Systems";"Australia"
51;"Jack (Japan)";"https://storage.googleapis.com/kaggle-avatars/thumbnails/169364-fb.jpg";169364;"/rsakata";"master";54261;"2014-02-26T08:20:24.073Z";4;7;4;NA;"Japan"
52;"jacobkie";"https://storage.googleapis.com/kaggle-avatars/thumbnails/default-thumb.png";632467;"/jacobkie";"master";54050;"2016-06-04T12:00:19.003Z";2;2;1;NA;NA
53;"Heng CherKeng";"https://storage.googleapis.com/kaggle-avatars/thumbnails/113660-fb.jpg";113660;"/hengck23";"master";52903;"2013-07-11T03:08:38.677Z";3;3;0;NA;NA
54;"DavidGbodiOdaibo";"https://storage.googleapis.com/kaggle-avatars/thumbnails/369212-fb.jpg";369212;"/godaibo";"master";51995;"2015-06-16T16:37:47.633Z";4;5;6;NA;"United States"
55;"David";"https://storage.googleapis.com/kaggle-avatars/thumbnails/888191-kg.jpg";888191;"/tivfrvqhs5";"master";51808;"2017-01-29T03:11:44.483Z";2;1;5;"Tech company";"United States"
56;"Computer says no";"https://storage.googleapis.com/kaggle-avatars/thumbnails/72586-fb.jpg";72586;"/gphilippis";"master";51150;"2012-12-04T12:01:18.4Z";3;10;5;NA;"Greece"
57;"Alexander  Larko";"https://storage.googleapis.com/kaggle-avatars/thumbnails/808-fb.jpg";808;"/alexxanderlarko";"grandmaster";50795;"2010-05-14T04:13:00Z";13;24;22;"CJSC  ´Infocentreª";"Russia"
58;"Medrr";"https://storage.googleapis.com/kaggle-avatars/thumbnails/34304-fb.jpg";34304;"/medial";"grandmaster";50112;"2012-03-06T09:37:23.497Z";6;9;0;NA;"Israel"
59;"Victor Durnov";"https://storage.googleapis.com/kaggle-avatars/thumbnails/518185-kg.jpg";518185;"/victorsd";"master";49555;"2016-02-01T07:07:06.72Z";2;5;1;NA;"Russia"
60;"fakeplastictrees";"https://storage.googleapis.com/kaggle-avatars/thumbnails/168767-fb.jpg";168767;"/fakeplastictrees";"grandmaster";49535;"2014-02-24T14:34:38.62Z";6;8;1;NA;NA
61;"gmobaz";"https://storage.googleapis.com/kaggle-avatars/thumbnails/35609-kg.jpg";35609;"/gmobaz";"master";49411;"2012-03-17T02:33:54.907Z";3;4;9;NA;"Mexico"
62;"Alexey Noskov";"https://storage.googleapis.com/kaggle-avatars/thumbnails/289387-gr.jpg";289387;"/alexeynoskov";"grandmaster";49383;"2015-02-03T21:16:47.77Z";6;11;1;"Yandex";"Russia"
63;"Qingchen";"https://storage.googleapis.com/kaggle-avatars/thumbnails/29756-fb.jpg";29756;"/qwang88";"grandmaster";49079;"2012-01-17T12:18:14.383Z";9;10;6;"University of Amsterdam";"NL"
64;"Vladimir Larin";"https://storage.googleapis.com/kaggle-avatars/thumbnails/296134-fb.jpg";296134;"/vlarine";"master";49079;"2015-02-18T13:30:36.08Z";1;8;14;"Sberbank Technology";"Russia"
65;"toshi_k";"https://storage.googleapis.com/kaggle-avatars/thumbnails/172060-fb.jpg";172060;"/toshik";"master";49027;"2014-03-07T09:16:25.897Z";4;10;4;NA;"Japan"
66;"Guanshuo Xu";"https://storage.googleapis.com/kaggle-avatars/thumbnails/default-thumb.png";478989;"/wowfattie";"master";48058;"2015-12-02T04:40:13.517Z";4;5;2;NA;"United States"
67;"FeiYang";"https://storage.googleapis.com/kaggle-avatars/thumbnails/687211-kg.jpg";687211;"/panfeiyang";"expert";47939;"2016-08-15T12:02:14.927Z";2;0;0;"Institute of Computing Technology, CAS";"China"
68;"Ivanhoe";"https://storage.googleapis.com/kaggle-avatars/thumbnails/default-thumb.png";98575;"/ivanhoe";"master";47794;"2013-04-30T20:53:35.98Z";3;29;24;NA;"United States"
69;"NxGTR";"https://storage.googleapis.com/kaggle-avatars/thumbnails/263583-kg.jpg";263583;"/carloshuertas";"master";47684;"2014-11-25T21:34:19.357Z";1;15;17;"ZestFinance";"United States"
70;"Kele Xu";"https://storage.googleapis.com/kaggle-avatars/thumbnails/299743-kg.jpg";299743;"/kelexu";"master";47355;"2015-02-23T21:29:50.207Z";5;13;3;NA;"France"
71;"Dr. Knope";"https://storage.googleapis.com/kaggle-avatars/thumbnails/default-thumb.png";719125;"/drknope";"master";47041;"2016-09-18T09:58:02.84Z";1;5;1;NA;NA
72;"Yinpeng Dong";"https://storage.googleapis.com/kaggle-avatars/thumbnails/default-thumb.png";965568;"/yinpeng";"master";46782;"2017-03-14T03:21:03.2Z";3;0;1;"Tsinghua University";"China"
73;"Tianyu Pang";"https://storage.googleapis.com/kaggle-avatars/thumbnails/1189681-kg.jpg";1189681;"/p233333";"master";46198;"2017-07-28T08:50:52.687Z";3;0;0;"Tsinghua University";"China"
74;"neongen";"https://storage.googleapis.com/kaggle-avatars/thumbnails/595758-kg.jpg";595758;"/neongen";"master";46013;"2016-04-24T18:35:13.297Z";1;6;7;"neongen-ai";"Greece"
75;"qianqian";"https://storage.googleapis.com/kaggle-avatars/thumbnails/406384-kg.jpg";406384;"/qqgeogor";"grandmaster";45926;"2015-08-26T02:31:56.757Z";5;7;7;NA;"United States"
76;"n01z3";"https://storage.googleapis.com/kaggle-avatars/thumbnails/407384-kg.jpg";407384;"/drn01z3";"grandmaster";45334;"2015-08-27T16:48:46.157Z";5;3;2;"Dbrain.io";"Russia"
77;"ONODERA";"https://storage.googleapis.com/kaggle-avatars/thumbnails/317344-kg.jpg";317344;"/onodera";"master";44429;"2015-03-24T03:37:35.103Z";3;5;1;"DeNA";"Japan"
78;"Dmitry Larko";"https://storage.googleapis.com/kaggle-avatars/thumbnails/64274-fb.jpg";64274;"/dmitrylarko";"grandmaster";44080;"2012-10-20T07:28:36.447Z";10;12;7;"H2O.ai";"United States"
79;"Mario Filho";"https://storage.googleapis.com/kaggle-avatars/thumbnails/106249-kg.jpeg";106249;"/mariofilho";"grandmaster";43785;"2013-06-08T15:31:03.597Z";7;10;6;"UpWork";"Brazil"
80;"x0x0w1";"https://storage.googleapis.com/kaggle-avatars/thumbnails/629296-kg.jpg";629296;"/x0x0w1";"master";43741;"2016-05-31T15:04:06.307Z";1;10;1;NA;"Ukraine"
81;"Selim_Sef";"https://storage.googleapis.com/kaggle-avatars/thumbnails/534152-kg.jpg";534152;"/selimsef";"master";43644;"2016-02-20T12:55:09.263Z";2;2;0;NA;"Germany"
82;"Bishwarup B";"https://storage.googleapis.com/kaggle-avatars/thumbnails/300713-kg.jpg";300713;"/bishwarup";"grandmaster";43516;"2015-02-25T08:57:07.203Z";5;7;0;NA;"India"
83;"infzero";"https://storage.googleapis.com/kaggle-avatars/thumbnails/default-thumb.png";1023209;"/infzero";"master";43105;"2017-04-14T07:23:08.727Z";2;3;0;NA;NA
84;"Herra Huu";"https://storage.googleapis.com/kaggle-avatars/thumbnails/default-thumb.png";12260;"/herrahuu";"grandmaster";43004;"2011-06-16T15:28:07.877Z";5;4;2;NA;"Finland"
85;"Weimin Wang";"https://storage.googleapis.com/kaggle-avatars/thumbnails/204232-fb.jpg";204232;"/weimin";"master";42805;"2014-06-04T04:54:54.147Z";3;5;3;NA;"Singapore"
86;"Alex Shvets";"https://storage.googleapis.com/kaggle-avatars/thumbnails/869279-kg.png";869279;"/shvetsiya";"master";42685;"2017-01-15T22:14:17.06Z";3;4;4;"MIT";"United States"
87;"Luis Andre Dutra e Silva";"https://storage.googleapis.com/kaggle-avatars/thumbnails/383757-kg.jpg";383757;"/mindcool";"master";42630;"2015-07-14T02:49:32.273Z";2;6;14;"Brazilian Court of Audit";"Brazil"
88;"Abhishek";"https://storage.googleapis.com/kaggle-avatars/thumbnails/5309-kg.jpg";5309;"/abhishek";"grandmaster";42406;"2011-01-12T03:44:52Z";17;21;15;"boost.ai";"Norway"
89;"Ceshine Lee";"https://storage.googleapis.com/kaggle-avatars/thumbnails/101136-kg.jpg";101136;"/ceshine";"expert";42324;"2013-05-14T14:55:10.007Z";0;11;9;NA;NA
90;"DataGeek";"https://storage.googleapis.com/kaggle-avatars/thumbnails/default-thumb.png";41959;"/thakurrajanand";"master";42267;"2012-05-03T04:02:47.57Z";4;20;23;"DataRobot";"India"
91;"Pawe≈Ç Jankiewicz";"https://storage.googleapis.com/kaggle-avatars/thumbnails/26782-kg.png";26782;"/paweljankiewicz";"grandmaster";41849;"2011-12-13T20:59:49.83Z";9;2;3;"LogicAI";"Polska"
92;"JohnM";"https://storage.googleapis.com/kaggle-avatars/thumbnails/360751-fb.jpg";360751;"/jpmiller";"expert";41831;"2015-05-31T13:23:31.297Z";0;7;16;"Benbrook Analytics";"United States"
93;"pongba";"https://storage.googleapis.com/kaggle-avatars/thumbnails/285810-kg.jpg";285810;"/zhugds";"master";41733;"2015-01-26T15:25:05.737Z";2;6;5;NA;"United States"
94;"DeepVoltaire";"https://storage.googleapis.com/kaggle-avatars/thumbnails/305342-gr.jpg";305342;"/voltaire";"master";41719;"2015-03-06T00:01:49.51Z";1;10;7;"Audi AG";"Germany"
95;"Sangxia";"https://storage.googleapis.com/kaggle-avatars/thumbnails/584812-kg.jpg";584812;"/sangxia";"master";41395;"2016-04-12T19:58:48.83Z";3;2;1;"Sony Mobile";"Sweden"
96;"Plankton";"https://storage.googleapis.com/kaggle-avatars/thumbnails/278920-kg.jpg";278920;"/thuyenvn";"grandmaster";40758;"2015-01-07T02:56:56.78Z";5;3;4;"UCSB";NA
97;"thousandvoices";"https://storage.googleapis.com/kaggle-avatars/thumbnails/default-thumb.png";976501;"/thousandvoices";"master";40553;"2017-03-19T22:32:22.647Z";4;1;1;NA;"Russia"
98;"Anil Thomas";"https://storage.googleapis.com/kaggle-avatars/thumbnails/7837-kg.png";7837;"/anlthms";"grandmaster";40518;"2011-04-04T21:03:45.823Z";9;6;9;NA;"United States"
99;"Pavel Ostyakov";"https://storage.googleapis.com/kaggle-avatars/thumbnails/537017-gp.jpg";537017;"/pavelost";"master";39457;"2016-02-23T21:42:02.607Z";4;2;0;"Samsung AI Center";"Russia"
100;"Chenglong Chen";"https://storage.googleapis.com/kaggle-avatars/thumbnails/102203-kg.jpg";102203;"/chenglongchen";"grandmaster";39361;"2013-05-21T07:37:54.007Z";5;10;6;"Alibaba";"China"
